Course,Instructor
CS-357,"Silva, Mariana T"
ECE-408,"Patel, Sanjay J"
ECE-402,"Haken, Lippold"
ECE-480,"Liang, Zhi-Pei"
ECE-482,"Shanbhag, Naresh R"
ECE-486,"Raginsky, Maxim"
CS-447,"Hockenmaier, Julia C"
CS-446,"Koyejo, Oluwasanmi O"
ECE-333,"Gross, George"
ECE-120,"Kindratenko, Volodymyr"
CS-440,"Fleck, Margaret M"
CS-196,"Challen, Geoffrey W"
CS-199,"Silva, Mariana T"
CS-126,"Evans, Graham C"
CS-598,"Renear, Allen H"
ECE-551,"Dokmanic, Ivan"
CS-438,"Roy Choudhury, Romit"
CS-233,"Herman, Geoffrey L"
ECE-329,"Waldrop, Lara"
ECE-498,"Levchenko, Kirill I"
CS-433,"Adve, Sarita V"
CS-125,"Challen, Geoffrey W"
ECE-490,"Hu, Bin"
ECE-520,"Jin, Jianming"
ECE-527,"Chen, Deming"
CS-296,"Fagen-Ulmschnei, Wade A"
ECE-544,"Schwing, Alexander G"
ECE-541,"Noureddine, Mohammad"
ECE-488,"Dallesasse, John M"
CS-421,"Misailovic, Sasa"
ECE-310,"Shomorony, Ilan"
ECE-313,"Veeravalli, Venugopal V"
CS-425,"Gupta, Indranil"
CS-424,"Sha, Lui R"
CS-427,"Xie, Tao"
ECE-316,"Hillmer, Philip M"
ECE-391,"Kalbarczyk, Zbigniew T"
ECE-398,"Do, Minh N"
ECE-417,"Hasegawa-Johnso, Mark A"
ECE-411,"Kumar, Rakesh"
ECE-330,"Schuh, Jonathon K"
ECE-304,"Choquette, Kent D"
CS-410,"Zhai, Chengxiang"
CS-411,"Alawini, Abdussalam A"
CS-412,"Li, Qi"
CS-418,"Hart, John C"
CS-419,"Shaffer, Eric G"
ECE-534,"Milenkovic, Olgica"
ECE-385,"Cheng, Zuofu"
ECE-380,"Boppart, Stephen A"
ECE-464,"Banerjee, Arijit"
ECE-469,"Banerjee, Arijit"
CS-563,"Bates, Adam M"
ECE-220,"Chen, Yuting W"
CS-241,"Angrave, Lawrence C"
CS-242,"Woodley, Michael J"
ECE-470,"Belabbas, Mohamed Ali"
CS-498,"Campbell, R H"
ECE-476,"Dominguez-Garci, Alejandr"
ECE-199,"Varodayan, David"
ECE-598,"Zhu, Wenjuan"
CS-473,"Har-Peled, Sariel"
ECE-110,"Schmitz, Christopher"
ECE-206,"Radhakrishnan, Chandrasek"
ECE-205,"Radhakrishnan, Chandrasek"
CS-361,"Varodayan, David"
ECE-566,"Moulin, Pierre"
ECE-563,"Varshney, Lav R"
ECE-445,"Fliflet, Arne W"
ECE-444,"Li, Xiuling"
CS-484,"Kale, Laxmikant V"
CS-173,"Warnow, Tandy"
CS-465,"Bailey, Brian P"
ECE-311,"Bresler, Yoram"
CS-466,"El-Kebir, Mohammed"
CS-461,"Cunningham, Ryan M"
ECE-581,"Hanumolu, Pavan Kumar"
CS-374,"Chekuri, Chandra S"
ECE-210,"Alvarez, Juan"
CS-225,"Fagen-Ulmschnei, Wade A"
ECE-314,"Hajek, Bruce"
ECE-517,"Liberzon, Daniel M"
CS-548,"Fu, Wai-Tat"
ECE-515,"Baryshnikov, Yuliy"
ECE-455,"Eden, James G"
ECE-342,"Zhou, Jin"
ECE-435,"Caesar, Matthew C"
ECE-340,"Dallesasse, John M"
ECE-437,"Gruev, Viktor"
CS-450,"Solomonik, Edgar V"
CS-210,"Cunningham, Ryan M"
CS-510,"Zhai, Chengxiang"
CS-105,"Harris, Albert F"
CS-100,"Gunter, Elsa"
CS-101,"Davis, Neal E"
